razao_social;nome_fantasia;cnpj;email;telefone;celular;responsavel;cep;endereco;numero;complemento;bairro;cidade;estado;porte;limite_aprovado;observacao;corretora_nome;data_cadastro
BESIX-ECB SPE LTDA;;48.359.355/0001-06;;;;;;;;;;;;;124.600,00;;Hbseg Corretora De Seguros Ltda;12/09/2025
DOTERRA DO BRASIL LTDA;;22.092.327/0001-73;;;;;;;;;;;;;100.750.000,00;;Sanyuu Corretagem De Seguros Ltda;24/09/2025
ELFA MEDICAMENTOS S.A;;09.053.134/0001-45;;;;;;;;;;;;;200.000.000,00;;Alper Consultoria E Corretora De Seguros;03/10/2025
FIBRAVIP ARTEFATOS DE FIBRA DE VIDRO LTDA;;04.470.781/0001-39;;;;;;;;;;;;;;;J&F Jemfam Corretora De Seguros Ltda;03/10/2025
BANCO SANTANDER (BRASIL) S.A.;;90.400.888/0001-42;;;;;;;;;;;;;85.599.768,05;;Howden Brasil Consultoria E Corretora De Seguros Ltda;09/10/2025
MITUTOYO SUL AMERICANA LTDA;;59.408.005/0001-09;;;;;;;;;;;;;15.108.581,45;;Sanyuu Corretagem De Seguros Ltda;14/10/2025
RBLOG LOGISTICA LTDA;;;;;;;;;;;;;;;;;Sanyuu Corretagem De Seguros Ltda;2025-10-14 0:00:00
COMPANHIA BRASILEIRA DE DISTRIBUICAO;;47.508.411/0001-56;;;;;;;;;;;;;1.320.750,00;;Alper Consultoria E Corretora De Seguros;16/10/2025
AMERICANAS S.A - EM RECUPERACAO JUDICIAL;;00.776.574/0006-60;;;;;;;;;;;;;;;Alper Consultoria E Corretora De Seguros;16/10/2025
POSTO DE COMBUSTIVEIS ULM LTDA;;42.064.493/0001-73;;;;;;;;;;;;;;;Amura Consultoria E Corretagem De Seguros Ltda.;16/10/2025
EVEREST ENGENHARIA DE INFRAESTRUTURA LTDA;;01.031.503/0001-97;;;;;;;;;;;;;;;Amura Consultoria E Corretagem De Seguros Ltda.;16/10/2025
CREMER S.A.;;82.641.325/0001-18;;;;;;;;;;;;;;;Alper Consultoria E Corretora De Seguros;16/10/2025
ACOEM BRASIL LTDA;;;;;;;;;;;;;;;;;Sanyuu Corretagem De Seguros Ltda;2025-10-16 0:00:00
AMAURI EMPREENDIMENTO IMOBILIARIO LTDA;;35.509.619/0001-00;;;;;;;;;;;;;;;Sanyuu Corretagem De Seguros Ltda;17/10/2025
SEVY INCORPORADORA ENGENHARIA E CONSTRUCAO LTDA;;22.258.876/0001-75;;;;;;;;;;;;;;;Amura Consultoria E Corretagem De Seguros Ltda.;17/10/2025
VISCOFAN DO BRASIL SOCIEDADE COMERCIAL E IND. LTDA.;;65.019.655/0001-57;;;;;;;;;;;;;200.000.000,00;;Howden Brasil Consultoria E Corretora De Seguros Ltda;20/10/2025
FITINSUR DESENVOLVIMENTO E LICENCIAMENTO DE SISTEMAS LTDA;;35.673.721/0001-47;;;;;;;;;;;;;1.690.000,00;;J&F Jemfam Corretora De Seguros Ltda;22/10/2025
CRASA INFRAESTRUTURA S/A;;21.339.831/0001-62;;;;;;;;;;;;;92.107.200,00;;Zitta Corretora E Adm De Seguros Ltda;22/10/2025
SINDICATO DOS DESPACHANTES ADUANEIROS DO ESTADO DO RIO GRANDE DO SUL;;02.824.237/0001-12;;;;;;;;;;;;;2.497.818,19;;Alper Consultoria E Corretora De Seguros;23/10/2025
ASSOCIACAO DE ENSINO DE RIBEIRAO PRETO;;55.983.670/0001-67;;;;;;;;;;;;;86.368.857,75;;Alper Consultoria E Corretora De Seguros;23/10/2025
G5 - ENGENHARIA E GERENCIAMENTO LTDA;;05.567.889/0001-07;;;;;;;;;;;;;;;Alper Consultoria E Corretora De Seguros;30/10/2025
TRIADE LOTEAMENTOS LTDA;;;;;;;;;;;;;;;;;Alper Consultoria E Corretora De Seguros;2025-10-30 0:00:00
JR SCARABELLI DISTRIBUIDORA DE CARNES E DERIVADOS LTDA;;40.801.866/0001-16;;;;;;;;;;;;;302.814,61;;Alper Consultoria E Corretora De Seguros;31/10/2025
CM HOSPITALAR S.A.;;12.420.164/0001-57;;;;;;;;;;;;;;;Alper Consultoria E Corretora De Seguros;31/10/2025
NOVA DIMENSAO ENGENHARIA LTDA;;02.086.562/0001-25;;;;;;;;;;;;;;;Howden Brasil Consultoria E Corretora De Seguros Ltda;31/10/2025
PLURAL SERVICOS TECNICO LTDA;;14.647.297/0001-96;;;;;;;;;;;;;21.283.121,43;;Lugano Corretora E Agenciadora De Seguros Ltda;05/11/2025
FLEX DO BRASIL LTDA;;03.718.581/0001-90;;;;;;;;;;;;;18.459.200,00;;Howden Brasil Consultoria E Corretora De Seguros Ltda;06/11/2025
FFA INFRAESTRUTURA E SERVICOS LTDA;;08.375.450/0001-70;;;;;;;;;;;;;2.074.477,09;;Alper Consultoria E Corretora De Seguros;17/11/2025
VIACAO SAO JOSE LTDA;;30.741.805/0001-57;;;;;;;;;;;;;;;Lugano Corretora E Agenciadora De Seguros Ltda;17/11/2025
PARK ROAD - ATIVIDADES HOTELEIRAS E IMOBILIARIAS, LTDA;;08.370.479/0001-60;;;;;;;;;;;;;12.801.630,71;;Lugano Corretora E Agenciadora De Seguros Ltda;17/11/2025
SERMACOL COMERCIO E SERVICOS LTDA;;29.912.565/0001-27;;;;;;;;;;;;;1.518.989,01;;Lugano Corretora E Agenciadora De Seguros Ltda;25/11/2025
BARRA RIO INDUSTRIA, COMERCIO E SERVICOS LTDA;;12.158.919/0001-97;;;;;;;;;;;;;1.215.553,60;;Lugano Corretora E Agenciadora De Seguros Ltda;26/11/2025
GLOBAL SHIP SERVICE LTDA;;09.444.141/0001-78;;;;;;;;;;;;;12.577.660,45;;Howden Brasil Consultoria E Corretora De Seguros Ltda;26/11/2025
ID TV S.A.;;16.936.928/0001-12;;;;;;;;;;;;;500.000,00;;Alper Consultoria E Corretora De Seguros;05/12/2025
KALUNGA SA;;43.283.811/0001-50;;;;;;;;;;;;;60.623.100,00;;Alper Consultoria E Corretora De Seguros;08/12/2025
PROMED - SERVICOS EM SAUDE LTDA;;03.570.722/0001-70;;;;;;;;;;;;;8.522.289,00;;Howden Brasil Consultoria E Corretora De Seguros Ltda;10/12/2025
POWER - SEGURANCA E VIGILANCIA LTDA;;54.506.589/0006-38;;;;;;;;;;;;;51.206.250,00;;Howden Brasil Consultoria E Corretora De Seguros Ltda;11/12/2025
AGRO PECUARIA BOA VISTA SA;;43.975.838/0001-03;;;;;;;;;;;;;200.000.000,00;;Alper Consultoria E Corretora De Seguros;11/12/2025
BAUDUCCO & CIA LTDA;;49.033.004/0001-65;;;;;;;;;;;;;;;J&F Jemfam Corretora De Seguros Ltda;15/12/2025
MANCHESTER DISTRIBUIDORA DE FERRO E ACO LTDA;;;;;;;;;;;;;;;;;Lugano Corretora E Agenciadora De Seguros Ltda;2025-12-15 0:00:00
DTA CARGO LTDA;;;;;;;;;;;;;;;;;Alper Consultoria E Corretora De Seguros;2025-12-22 0:00:00
BRAVO SERVICOS LOGISTICOS LTDA;;;;;;;;;;;;;;;;;Alper Consultoria E Corretora De Seguros;2025-12-29 0:00:00
QFROTAS SISTEMAS LTDA;;;;;;;;;;;;;;;;;Alper Consultoria E Corretora De Seguros;2026-01-03 0:00:00
SENDAS DISTRIBUIDORA S.A;;;;;;;;;;;;;;;;;Alper Consultoria E Corretora De Seguros;2026-01-06 0:00:00
TEL CENTRO DE CONTATOS LTDA;;;;;;;;;;;;;;;;;Alper Consultoria E Corretora De Seguros;2026-01-08 0:00:00
MERCURIO ALIMENTOS;;;;;;;;;;;;;;;;;Wiz Corporate Solucoes E Corretagem De Seguros Ltda;2026-01-12 0:00:00
IGARAPAVA SANEAMENTO S.A.;;;;;;;;;;;;;;;;;Alper Consultoria E Corretora De Seguros;2026-01-13 0:00:00
BBL ENGENHARIA, CONSTRUÇÃO E COMÉRCIO LTDA;;;;;;;;;;;;;;;;;Wiz Corporate Solucoes E Corretagem De Seguros Ltda;2026-01-16 0:00:00
ENGETH INFRA- ESTRUTURA;;;;;;;;;;;;;;;;;Wiz Corporate Solucoes E Corretagem De Seguros Ltda;2026-01-22 0:00:00
CB CONSTRUCOES LTDA;;;;;;;;;;;;;;;;;Alper Consultoria E Corretora De Seguros;2026-01-23 0:00:00
VALTELLINA DO BRASIL SERVIÇOS PARA INDUSTRIA LTDA;;;;;;;;;;;;;;;;;Wiz Corporate Solucoes E Corretagem De Seguros Ltda;2026-01-26 0:00:00
HOWBE TECNOLOGIA E SOLUCOES LTDA;;;;;;;;;;;;;;;;;Wiz Corporate Solucoes E Corretagem De Seguros Ltda;2026-01-26 0:00:00
SOLID ATIVOS IMOBILIARIOS S.A;;;;;;;;;;;;;;;;;Alper Consultoria E Corretora De Seguros;2026-01-26 0:00:00
SANTANDER SOCIEDADE DE CREDITO, FINANCIAMENTO E INVESTIMENTO S.A.;;07.707.650/0001-10;;;;;;;;;;;;;200.000.000,00;;Howden Brasil Consultoria E Corretora De Seguros Ltda;28/01/2026
CTC INFRA & CONSTRUCOES LTDA;;03.998.869/0001-65;;;;;;;;;;;;;30.000.000,00;;Lugano Corretora E Agenciadora De Seguros Ltda;28/01/2026
VINX INCORPORADORA;;;;;;;;;;;;;;;;;Alper Consultoria E Corretora De Seguros;2026-01-28 0:00:00
RENOVA ENERGIA S/A;;08.534.605/0001-74;;;;;;;;;;;;;200.000.000,00;;Howden Brasil Consultoria E Corretora De Seguros Ltda;30/01/2026
RENAISSANCE DO BRASIL HOTELARIA LTDA;;;;;;;;;;;;;;;;;Wiz Corporate Solucoes E Corretagem De Seguros Ltda;2026-02-02 0:00:00
SOLAR BEBIDAS S.A;;;;;;;;;;;;;;;;;Wiz Corporate Solucoes E Corretagem De Seguros Ltda;2026-02-02 0:00:00
QUEBEC CONSTRUÇÕES E TECNOLOGIA AMBIENTAL S.A;;;;;;;;;;;;;;;;;Wiz Corporate Solucoes E Corretagem De Seguros Ltda;2026-02-02 0:00:00
MAK SERVICOS E PAVIMENTACOES LTDA;;13.137.265/0001-88;;;;;;;;;;;;;40.501.622,80;;Lugano Corretora E Agenciadora De Seguros Ltda;03/02/2026
ASSOCIAÇÃO BENEFICENTE JOÃO PAULO II;;;;;;;;;;;;;;;;;Wiz Corporate Solucoes E Corretagem De Seguros Ltda;2026-02-03 0:00:00
RESTAURANTE PRAÇA PAULISTA;;;;;;;;;;;;;;;;;Lugano Corretora E Agenciadora De Seguros Ltda;2026-02-03 0:00:00
RCA REVESTIMENTOS E CONSTRUCOES LTDA;;;;;;;;;;;;;;;;;Lugano Corretora E Agenciadora De Seguros Ltda;2026-02-03 0:00:00
ENGEFORT SISTEMA AVANCADO DE SEGURANCA LTDA;;;;;;;;;;;;;;;;;Wiz Corporate Solucoes E Corretagem De Seguros Ltda;2026-02-04 0:00:00
GMIL TRANSPORTES;;;;;;;;;;;;;;;;;Alper Consultoria E Corretora De Seguros;2026-02-05 0:00:00
COMERCIAL E CONSTRUTORA JMV LTDA;;;;;;;;;;;;;;;;;Wiz Corporate Solucoes E Corretagem De Seguros Ltda;2026-02-05 0:00:00
FATOR HOLDING S.A;;12.215.708/0001-49;;;;;;;;;;;;;87.997.950,00;;M7 Soluções E Corretora De Seguros Ltda;06/02/2026
ARENA BSB SPE S/A;;;;;;;;;;;;;;;;;Wiz Corporate Solucoes E Corretagem De Seguros Ltda;2026-02-06 0:00:00
PITANGUEIRAS ACUCAR E ALCOOL LTDA;;;;;;;;;;;;;;;;;Alper Consultoria E Corretora De Seguros;2026-02-06 0:00:00
D. FILIPA EVENTOS LTDA;;;;;;;;;;;;;;;;;Alper Consultoria E Corretora De Seguros;2026-02-06 0:00:00
SLC AGRÍCOLA S.A;;;;;;;;;;;;;;;;;Alper Consultoria E Corretora De Seguros;2026-02-07 0:00:00
INFRACON ENGENHARIA E COMERCIO LTDA;;;;;;;;;;;;;;;;;Wiz Corporate Solucoes E Corretagem De Seguros Ltda;2026-02-09 0:00:00
TELESPAZIO BRASIL S.A.;;;;;;;;;;;;;;;;;Wiz Corporate Solucoes E Corretagem De Seguros Ltda;2026-02-09 0:00:00
GRUPO EMBELLEZE |;;;;;;;;;;;;;;;;;Dh7 Corretora De Seguros Ltda;2026-02-09 0:00:00
SÃO SALVADOR ALIMENTOS S/A;;;;;;;;;;;;;;;;;Wiz Corporate Solucoes E Corretagem De Seguros Ltda;2026-02-11 0:00:00
SUPER TERMINAIS COMÉRCIO E INDÚSTRIA LTDA;;;;;;;;;;;;;;;;;Wiz Corporate Solucoes E Corretagem De Seguros Ltda;2026-02-11 0:00:00
GRUPO ORIZON;;;;;;;;;;;;;;;;;Wiz Corporate Solucoes E Corretagem De Seguros Ltda;2026-02-11 0:00:00
BOVEN COMERCIALIZADORA DE ENERGIA LTDA;;;;;;;;;;;;;;;;;Alper Consultoria E Corretora De Seguros;2026-02-11 0:00:00
INTERNATIONAL PUBLICITY;;;;;;;;;;;;;;;;;Alper Consultoria E Corretora De Seguros;2026-02-12 0:00:00
RPM BRASIL LTDA;;;;;;;;;;;;;;;;;Alper Consultoria E Corretora De Seguros;2026-02-12 0:00:00
FRIGORÍFICO AVÍCOLA VOTUPORANGA LTDA;;;;;;;;;;;;;;;;;Wiz Corporate Solucoes E Corretagem De Seguros Ltda;2026-02-13 0:00:00
GUIMARAES CONSTRUCAO E ADMINISTRACAO LTDA;;;;;;;;;;;;;;;;;Wiz Corporate Solucoes E Corretagem De Seguros Ltda;2026-02-13 0:00:00
IPTRUST ADVANCE TECNOLOGIA DA INFORMACAO LTDA;;;;;;;;;;;;;;;;;Traderisk Adm Corretora De Seguros;2026-02-13 0:00:00
BANCO DO EMPREENDEDOR;;;;;;;;;;;;;;;;;Traderisk Adm Corretora De Seguros;2026-02-13 0:00:00
SPE SÃO PAULO SUL S.A;;;;;;;;;;;;;;;;;Wiz Corporate Solucoes E Corretagem De Seguros Ltda;2026-02-18 0:00:00
AIR LESS SERRANA SERVICOS LTDA;;;;;;;;;;;;;;;;;Alper Consultoria E Corretora De Seguros;2026-02-18 0:00:00
SOLUCOES INTELIGENTES OPERADORES PORTUARIOS LTDA;;;;;;;;;;;;;;;;;Traderisk Adm Corretora De Seguros;2026-02-18 0:00:00
REP ENGENHARIA E SERVICOS LTD;;;;;;;;;;;;;;;;;Wiz Corporate Solucoes E Corretagem De Seguros Ltda;2026-02-19 0:00:00
GRUPO OXE;;;;;;;;;;;;;;;;;Alper Consultoria E Corretora De Seguros;2026-02-19 0:00:00
CAMERITE SISTEMAS S.A;;;;;;;;;;;;;;;;;ACRISURE CORRETORA DE SEGUROS LTDA;2026-02-20 0:00:00
GUAÇU EMBALAGENS LTDA;;;;;;;;;;;;;;;;;Wiz Corporate Solucoes E Corretagem De Seguros Ltda;2026-02-23 0:00:00
KAMARI PARTICIPACOES S.A.;;43.513.998/0001-30;;;;;;;;;;;;;0,70;;J&F Jemfam Corretora De Seguros Ltda;24/02/2026
GR SEGURANÇA;;;;;;;;;;;;;;;;;ACRISURE CORRETORA DE SEGUROS LTDA;2026-02-24 0:00:00
ALIANÇA SAÚDE PARTICIPAÇÕES LTDA;;;;;;;;;;;;;;;;;ACRISURE CORRETORA DE SEGUROS LTDA;2026-02-24 0:00:00
LOTRANS LOGISTICA TRANSPORTES DE CARGAS COMERCIO E SERVICOS LTDA;;;;;;;;;;;;;;;;;Wiz Corporate Solucoes E Corretagem De Seguros Ltda;2026-02-26 0:00:00
CONSORCIO APOIO PARÁ;;;;;;;;;;;;;;;;;Wiz Corporate Solucoes E Corretagem De Seguros Ltda;2026-02-26 0:00:00
GNPW Participações S.A;;;;;;;;;;;;;;;;;ACRISURE CORRETORA DE SEGUROS LTDA;2026-02-27 0:00:00
ORIGEM ENERGIA SA;;;;;;;;;;;;;;;;;Wiz Corporate Solucoes E Corretagem De Seguros Ltda;2026-03-03 0:00:00
CENTRO EDUCACIONAL SAINT HELENA LTDA;;;;;;;;;;;;;;;;;Lugano Corretora E Agenciadora De Seguros Ltda;2026-03-03 0:00:00
MASKAN CONSTRUTORA E INCORPORADORA LTDA;;13.873.978/0001-00;;;;;;;;;;;;;29.834.731,17;;Alper Consultoria E Corretora De Seguros;06/03/2026
AGE Administração e Participações S.A;;;;;;;;;;;;;;;;;ACRISURE CORRETORA DE SEGUROS LTDA;2026-03-06 0:00:00
IMSB INDÚSTRIA DE MÁQUINAS E EQUIPAMENTOS LTDA;;;;;;;;;;;;;;;;;Wiz Corporate Solucoes E Corretagem De Seguros Ltda;2026-03-09 0:00:00
MANAGER 7;;;;;;;;;;;;;;;;;Wiz Corporate Solucoes E Corretagem De Seguros Ltda;2026-03-09 0:00:00
HUB SERVIÇOS DE COMUNICAÇÃO LTDA;;;;;;;;;;;;;;;;;Wiz Corporate Solucoes E Corretagem De Seguros Ltda;2026-03-09 0:00:00
ROLDÃO ATACADISTA;;;;;;;;;;;;;;;;;ACRISURE CORRETORA DE SEGUROS LTDA;2026-03-09 0:00:00
KANIA INDUSTRIA E COMERCIO DE ACUMULADORES LTDA;;;;;;;;;;;;;;;;;Wiz Corporate Solucoes E Corretagem De Seguros Ltda;2026-03-10 0:00:00
BLOCO DE ONZE AEROPORTOS DO BRASIL S.A;;48.725.405/0001-13;;;;;;;;;;;;;200.000.000,00;;Wiz Corporate Solucoes E Corretagem De Seguros Ltda;11/03/2026
AEROPORTOS DO NORDESTE DO BRASIL S.A.;;33.919.741/0001-20;;;;;;;;;;;;;200.000.000,00;;Wiz Corporate Solucoes E Corretagem De Seguros Ltda;11/03/2026
DEMANDA BARBOSA MELO;;;;;;;;;;;;;;;;;Dh7 Corretora De Seguros Ltda;2026-03-11 0:00:00
GRADUAL ENGENHARIA E CONSULTORIA LTDA;;11.388.737/0001-40;;;;;;;;;;;;;9.853.907,21;;J&F Jemfam Corretora De Seguros Ltda;12/03/2026
AMPLA ENERGIA E SERVICOS S.A.;;33.050.071/0001-58;;;;;;;;;;;;;;;Wiz Corporate Solucoes E Corretagem De Seguros Ltda;12/03/2026
GMIL TRANSPORTES LTDA;;30.954.079/0001-50;;;;;;;;;;;;;936.043,97;;Howden Brasil Consultoria E Corretora De Seguros Ltda;12/03/2026
INTEGRA S/A;;;;;;;;;;;;;;;;;Wiz Corporate Solucoes E Corretagem De Seguros Ltda;2026-03-12 0:00:00
EIRAS ENGENHARIA LTDA;;11.455.184/0001-09;;;;;;;;;;;;;18.703.544,72;;Wiz Corporate Solucoes E Corretagem De Seguros Ltda;13/03/2026
CSM-COMPONENTES SISTEMAS E MAQUINAS PARA CONSTRUCAO LTD;;76.840.537/0001-21;;;;;;;;;;;;;29.991.455,90;;Wiz Corporate Solucoes E Corretagem De Seguros Ltda;13/03/2026
CONSTRUTORA CONTORNO LTDA;;22.247.399/0001-42;;;;;;;;;;;;;56.701.385,63;;Wiz Corporate Solucoes E Corretagem De Seguros Ltda;13/03/2026
CONFINA ALIMENTOS INDUSTRIAL LTDA;;74.657.784/0001-61;;;;;;;;;;;;;37.372.552,37;;Wiz Corporate Solucoes E Corretagem De Seguros Ltda;13/03/2026
CONCRELONGO SERVICOS DE CONCRETAGEM LTDA;;04.656.185/0001-48;;;;;;;;;;;;;51.972.395,90;;Wiz Corporate Solucoes E Corretagem De Seguros Ltda;13/03/2026
BRAZO ENGENHARIA LTDA;;11.930.381/0001-24;;;;;;;;;;;;;2.940.931,83;;Wiz Corporate Solucoes E Corretagem De Seguros Ltda;13/03/2026
BLENDCOFFEE COMERCIO EXPORTACAO E IMPORTACAO LTDA;;13.527.082/0001-79;;;;;;;;;;;;;145.632.370,65;;Wiz Corporate Solucoes E Corretagem De Seguros Ltda;13/03/2026
ANJUN TFK BRASIL PARTICIPACOES LTDA;;49.526.505/0001-83;;;;;;;;;;;;;142.692.613,86;;Wiz Corporate Solucoes E Corretagem De Seguros Ltda;13/03/2026
ALARES INTERNET PARTICIPACOES S A;;23.438.929/0001-00;;;;;;;;;;;;;200.000.000,00;;Wiz Corporate Solucoes E Corretagem De Seguros Ltda;13/03/2026
ASSOCIACAO BENEFICENTE JOAO PAULO II;;22.564.221/0001-25;;;;;;;;;;;;;3.128.281,93;;Wiz Corporate Solucoes E Corretagem De Seguros Ltda;13/03/2026
GEO ELETRICA TAMBOARA BIOENERGIA LTDA;;;;;;;;;;;;;;;;;Wiz Corporate Solucoes E Corretagem De Seguros Ltda;2026-03-13 0:00:00
CONSTRUTORA M-21 E FORSA;;;;;;;;;;;;;;;;;Wiz Corporate Solucoes E Corretagem De Seguros Ltda;2026-03-13 0:00:00
MONTCALM MONTAGENS INSDUSTRIAIS S.A;;;;;;;;;;;;;;;;;Wiz Corporate Solucoes E Corretagem De Seguros Ltda;2026-03-13 0:00:00
ALLIBUS TRANSPORTES;;;;;;;;;;;;;;;;;Wiz Corporate Solucoes E Corretagem De Seguros Ltda;2026-03-13 0:00:00
VORTEX EMPREENDIMENTOS E CONSTRUCOES LTDA;;35.699.852/0001-01;;;;;;;;;;;;;;;Dh7 Corretora De Seguros Ltda;16/03/2026
BRAVA ENERGIA S.A;;12.091.809/0001-55;;;;;;;;;;;;;200.000.000,00;;Howden Brasil Consultoria E Corretora De Seguros Ltda;16/03/2026
ERNESTO TZIRULNIK ADVOCACIA;;53.781.415/0001-06;;;;;;;;;;;;;27.451.311,83;;J&F Jemfam Corretora De Seguros Ltda;16/03/2026
GRUPO FLEURY;;;;;;;;;;;;;;;;;Wiz Corporate Solucoes E Corretagem De Seguros Ltda;2026-03-16 0:00:00
ARC COMÉRCIO LTDA;;;;;;;;;;;;;;;;;Wiz Corporate Solucoes E Corretagem De Seguros Ltda;2026-03-16 0:00:00
EPR PARTICIPAÇÕES S.A;;;;;;;;;;;;;;;;;Wiz Corporate Solucoes E Corretagem De Seguros Ltda;2026-03-16 0:00:00
GTF FOODS S.A;;;;;;;;;;;;;;;;;Wiz Corporate Solucoes E Corretagem De Seguros Ltda;2026-03-16 0:00:00
AGIS CONSTRUÇÃO;;;;;;;;;;;;;;;;;Wiz Corporate Solucoes E Corretagem De Seguros Ltda;2026-03-16 0:00:00
CDV DESENVOLVIMENTO S.A;;;;;;;;;;;;;;;;;Wiz Corporate Solucoes E Corretagem De Seguros Ltda;2026-03-16 0:00:00
ELLO SERVICOS, OBRAS E PARTICIPACOES LTDA;;72.713.654/0001-73;;;;;;;;;;;;;86.489.591,11;;Wiz Corporate Solucoes E Corretagem De Seguros Ltda;17/03/2026
ELITE ENGENHARIA LTDA;;08.782.693/0001-23;;;;;;;;;;;;;200.000.000,00;;Wiz Corporate Solucoes E Corretagem De Seguros Ltda;17/03/2026
FÁBRICA DE IDEIAS IND. E COM. DE DISPLAYS LTDA;;;;;;;;;;;;;;;;;Wiz Corporate Solucoes E Corretagem De Seguros Ltda;2026-03-17 0:00:00
UNIMINAS AS;;;;;;;;;;;;;;;;;Wiz Corporate Solucoes E Corretagem De Seguros Ltda;2026-03-17 0:00:00
TERRACOM CONSTRUCOES LTDA;;;;;;;;;;;;;;;;;Alper Consultoria E Corretora De Seguros;2026-03-17 0:00:00
SAE TOWERS BRASIL TORRES DE TRANSMISSÃO LTDA;;;;;;;;;;;;;;;;;Alper Consultoria E Corretora De Seguros;2026-03-17 0:00:00
PROFARMA DISTRIBUIDORA DE PRODUTOS FARMACEUTICOS S.A;;;;;;;;;;;;;;;;;ACRISURE CORRETORA DE SEGUROS LTDA;2026-03-17 0:00:00
ENEVA S.A.;;04.423.567/0001-21;;;;;;;;;;;;;200.000.000,00;;Wiz Corporate Solucoes E Corretagem De Seguros Ltda;18/03/2026
ENERGISA S/A;;00.864.214/0001-06;;;;;;;;;;;;;200.000.000,00;;Wiz Corporate Solucoes E Corretagem De Seguros Ltda;18/03/2026
MAGAZINE LUIZA;;;;;;;;;;;;;;;;;Wiz Corporate Solucoes E Corretagem De Seguros Ltda;2026-03-18 0:00:00
M.I. MONTREAL INFORMÁTICA S.A;;;;;;;;;;;;;;;;;Wiz Corporate Solucoes E Corretagem De Seguros Ltda;2026-03-18 0:00:00
MEGA GOGLIO LATAM S.A;;;;;;;;;;;;;;;;;Wiz Corporate Solucoes E Corretagem De Seguros Ltda;2026-03-18 0:00:00
RIO BRANCO COMÉRCIO E INDUSTRIA DE PAPÉIS LTDA;;;;;;;;;;;;;;;;;Wiz Corporate Solucoes E Corretagem De Seguros Ltda;2026-03-19 0:00:00
FEDERACAO NACIONAL DAS ASSOCIACOES DO PESSOAL DA CEF;;;;;;;;;;;;;;;;;Wiz Corporate Solucoes E Corretagem De Seguros Ltda;2026-03-19 0:00:00
MIKOS PRODUTOS TEXTEIS E PARTICIPACOES LTDA;;;;;;;;;;;;;;;;;Howden Brasil Consultoria E Corretora De Seguros Ltda;2026-03-19 0:00:00
INSTITUTO SOCIAL SE LIGA;;;;;;;;;;;;;;;;;Lugano Corretora E Agenciadora De Seguros Ltda;2026-03-19 0:00:00
A&L ENGENHARIA E SERVIÇOS LTDA;;;;;;;;;;;;;;;;;Wiz Corporate Solucoes E Corretagem De Seguros Ltda;2026-03-20 0:00:00
DRT REPRESENTAÇÕES LTDA;;;;;;;;;;;;;;;;;Wiz Corporate Solucoes E Corretagem De Seguros Ltda;2026-03-20 0:00:00
CAP PROTEÇÃO E CONSTRUÇÕES LTDA;;;;;;;;;;;;;;;;;Wiz Corporate Solucoes E Corretagem De Seguros Ltda;2026-03-20 0:00:00
RAIZEN ENERGIA;;;;;;;;;;;;;;;;;Alper Consultoria E Corretora De Seguros;2026-03-20 0:00:00
VESTE S.A. ESTILO;;;;;;;;;;;;;;;;;ACRISURE CORRETORA DE SEGUROS LTDA;2026-03-20 0:00:00
YUNY INCORPORADORA HOLDING S.A.;;09.267.996/0001-70;;;;;;;;;;;;;54.906.600,00;;Atix Servicos E Corretagem De Seguros;23/03/2026
EUROFARMA LABORATORIOS S.A.;;61.190.096/0001-92;;;;;;;;;;;;;200.000.000,00;;Rafael Abreu Accurti;23/03/2026
ETC EMPREENDIMENTOS E TECNOLOGIA EM CONSTRUCOES LTDA.;;03.193.191/0001-43;;;;;;;;;;;;;44.769.313,57;;Wiz Corporate Solucoes E Corretagem De Seguros Ltda;23/03/2026
LONGPING HIGH - TECH BIOTECNOLOGIA LTDA.;;08.864.422/0001-17;;;;;;;;;;;;;200.000.000,00;;Wiz Corporate Solucoes E Corretagem De Seguros Ltda;23/03/2026
PHOTON INCORPORADORA LTDA;;30.353.598/0001-63;;;;;;;;;;;;;4.000.000,00;;Atix Servicos E Corretagem De Seguros;23/03/2026
DWELL CONSTRUCOES E INCORPORACOES DE IMOVEIS LTDA;;09.944.104/0001-29;;;;;;;;;;;;;1.701.258,75;;Atix Servicos E Corretagem De Seguros;23/03/2026
AEGEA SANEAMENTO E PARTICIPAÇÕES S.A;;;;;;;;;;;;;;;;;Alper Consultoria E Corretora De Seguros;2026-03-23 0:00:00
ERRAMAQ INSUMOS AGRICOLAS LTDA;;;;;;;;;;;;;;;;;Alper Consultoria E Corretora De Seguros;2026-03-23 0:00:00
COPPER INDUSTRIA E COMERCIO DE VERGALHOES LTDA;;10.193.734/0001-98;;;;;;;;;;;;;200.000.000,00;;Traderisk Adm Corretora De Seguros;24/03/2026
AGRICOLA MORENO DE LUIZ ANTONIO LTDA;;15.417.965/0001-51;;;;;;;;;;;;;;;Wiz Corporate Solucoes E Corretagem De Seguros Ltda;24/03/2026
LINDNER TECHNO SYSTEMS LTDA;;03.852.406/0001-90;;;;;;;;;;;;;28.028.383,50;;Traderisk Adm Corretora De Seguros;24/03/2026
CAMBUCI S/A;;61.088.894/0001-08;;;;;;;;;;;;;200.000.000,00;;Wiz Corporate Solucoes E Corretagem De Seguros Ltda;24/03/2026
ADAMI SA MADEIRAS;;83.054.478/0001-21;;;;;;;;;;;;;200.000.000,00;;Traderisk Adm Corretora De Seguros;24/03/2026
GRID POWER SOLUTIONS - ENGENHARIA E CONSULTORIA EM PROJETOS ELETRICOS E ELETRONICOS LTDA;;14.742.012/0001-04;;;;;;;;;;;;;3.973.879,73;;Wiz Corporate Solucoes E Corretagem De Seguros Ltda;24/03/2026
FRONTER ENGENHARIA DE OBRAS LTDA;;05.876.794/0001-75;;;;;;;;;;;;;5.933.432,42;;Wiz Corporate Solucoes E Corretagem De Seguros Ltda;24/03/2026
FRAPORT BRASIL S.A AEROPORTO DE FORTALEZA;;27.059.565/0001-09;;;;;;;;;;;;;200.000.000,00;;Howden Brasil Consultoria E Corretora De Seguros Ltda;24/03/2026
FAAB ENGENHARIA LTDA;;11.512.944/0001-64;;;;;;;;;;;;;10.832.635,86;;Wiz Corporate Solucoes E Corretagem De Seguros Ltda;24/03/2026
HBR AVIACAO S.A;;;;;;;;;;;;;;;;;ACRISURE CORRETORA DE SEGUROS LTDA;2026-03-24 0:00:00
CONSTRUTORA FORTUNATO LTDA;;82.607.623/0001-91;;;;;;;;;;;;;;;Traderisk Adm Corretora De Seguros;25/03/2026
ARARICA SANEAMENTO S/A.;;50.064.370/0001-60;;;;;;;;;;;;;17.502.426,52;;Traderisk Adm Corretora De Seguros;25/03/2026
RECOPE INDUSTRIA DO COBRE LTDA;;30.639.062/0001-09;;;;;;;;;;;;;23.075.644,90;;Traderisk Adm Corretora De Seguros;25/03/2026
SUPERMERCADO CASA AURORA LTDA;;26.777.276/0001-74;;;;;;;;;;;;;1.634.450,38;;Traderisk Adm Corretora De Seguros;25/03/2026
ENGESER COMERCIO E SERVICOS LTDA;;03.964.849/0001-73;;;;;;;;;;;;;1.543.987,24;;Traderisk Adm Corretora De Seguros;25/03/2026
FORMTAP INDUSTRIA E COMERCIO S/A;;53.808.697/0001-98;;;;;;;;;;;;;21.201.856,20;;Traderisk Adm Corretora De Seguros;25/03/2026
METAL GROUP PARTICIPACOES LTDA;;30.832.459/0001-12;;;;;;;;;;;;;200.000.000,00;;Traderisk Adm Corretora De Seguros;25/03/2026
FOCO ALUGUEL DE CARROS;;;;;;;;;;;;;;;;;Wiz Corporate Solucoes E Corretagem De Seguros Ltda;2026-03-25 0:00:00
NEW MAGIC CONFECCOES LTDA;;;;;;;;;;;;;;;;;Traderisk Adm Corretora De Seguros;2026-03-25 0:00:00
FATOR TOWERS OT CONSTRUCOES E INCORPORACOES LTDA;;13.646.076/0001-30;;;;;;;;;;;;;20.391.000,00;;M7 Soluções E Corretora De Seguros Ltda;26/03/2026
CERVEJARIA LACERVA LTDA;;14.119.436/0001-09;;;;;;;;;;;;;639.964,30;;Traderisk Adm Corretora De Seguros;26/03/2026
CONSTRUTORA RICHTER LTDA;;81.534.240/0001-78;;;;;;;;;;;;;6.003.598,57;;Traderisk Adm Corretora De Seguros;26/03/2026
FOUR DISTRIBUICAO LTDA;;19.006.680/0001-89;;;;;;;;;;;;;12.222.403,24;;Traderisk Adm Corretora De Seguros;26/03/2026
OSO PARTICIPACOES E CONSULTORIA LTDA;;19.006.696/0001-91;;;;;;;;;;;;;5.342.215,75;;Traderisk Adm Corretora De Seguros;26/03/2026
EXPRESSO SAO JOSE LTDA;;;;;;;;;;;;;;;;;Traderisk Adm Corretora De Seguros;2026-03-26 0:00:00
BURNTECH CALDEIRAS E EQUIPAMENTOS LTDA;;;;;;;;;;;;;;;;;Wiz Corporate Solucoes E Corretagem De Seguros Ltda;2026-03-26 0:00:00
QPC ENGENHARIA LTDA;;;;;;;;;;;;;;;;;Alper Consultoria E Corretora De Seguros;2026-03-26 0:00:00
CONDOMINIO BEIRAMAR SHOPPING CENTER;;;;;;;;;;;;;;;;;Traderisk Adm Corretora De Seguros;2026-03-26 0:00:00
ABC CARGAS LTDA;;;;;;;;;;;;;;;;;Traderisk Adm Corretora De Seguros;2026-03-26 0:00:00
LABORATORIO DE PROTESE SANTOS E MIRANDA LTDA;;;;;;;;;;;;;;;;;Traderisk Adm Corretora De Seguros;2026-03-26 0:00:00
F.A CONTROLADORIA DE PATRIMONIO LTDA;;05.257.221/0001-63;;;;;;;;;;;;;;;Wiz Corporate Solucoes E Corretagem De Seguros Ltda;27/03/2026
OCEANPACT SERVICOS MARITIMOS S.A.;;09.114.805/0001-30;;;;;;;;;;;;;;;Howden Brasil Consultoria E Corretora De Seguros Ltda;27/03/2026
DATA TRAFFIC S/A;;;;;;;;;;;;;;;;;Traderisk Adm Corretora De Seguros;2026-03-27 0:00:00
HAPVIDA PARTICIPAÇÕES E INVESTIMENTOS S.A;;;;;;;;;;;;;;;;;Wiz Corporate Solucoes E Corretagem De Seguros Ltda;2026-03-27 0:00:00
BRASAURO RECURSOS MINERAIS LTDA;;;;;;;;;;;;;;;;;Wiz Corporate Solucoes E Corretagem De Seguros Ltda;2026-03-27 0:00:00
CONSORCIO MYRIBAM;;;;;;;;;;;;;;;;;Alper Consultoria E Corretora De Seguros;2026-03-27 0:00:00
TERRAMAQ INSUMOS AGRICOLAS LTDA;;;;;;;;;;;;;;;;;Alper Consultoria E Corretora De Seguros;2026-03-27 0:00:00
SOLTURI SOLAR SERVICO E COMERCIO DE MATERIAIS ELETRICOS LTDA;;;;;;;;;;;;;;;;;Traderisk Adm Corretora De Seguros;2026-03-27 0:00:00
HOSPITAL E MATERNIDADE MOGI LTDA;;;;;;;;;;;;;;;;;Traderisk Adm Corretora De Seguros;2026-03-27 0:00:00
ASSOCIACAO BRASILEIRA DE EDUCACAO, SAUDE E ASSISTENCIA SOCIAL - ABESS;;;;;;;;;;;;;;;;;Traderisk Adm Corretora De Seguros;2026-03-27 0:00:00
ASCENSUS TRADING & LOGISTICA LTDA;;;;;;;;;;;;;;;;;Traderisk Adm Corretora De Seguros;2026-03-27 0:00:00
MENDES & KOCH LTDA;;;;;;;;;;;;;;;;;Traderisk Adm Corretora De Seguros;2026-03-27 0:00:00
Plansul Planejamento E Consultoria Ltd;;;;;;;;;;;;;;;;;ACRISURE CORRETORA DE SEGUROS LTDA;2026-03-27 0:00:00
GRUPO FARTURA DE HORTIFRUT S.A;;;;;;;;;;;;;;;;;ACRISURE CORRETORA DE SEGUROS LTDA;2026-03-27 0:00:00
ESTÅNCIA  DEL  SUR  AGROPECUÇRIA  LTDA;;;;;;;;;;;;;;;;;Wiz Corporate Solucoes E Corretagem De Seguros Ltda;2026-03-31 0:00:00
FERTICEL INDÚSTRIA DE FERTILIZANTES LTDA;;;;;;;;;;;;;;;;;Wiz Corporate Solucoes E Corretagem De Seguros Ltda;2026-03-31 0:00:00
CONCREMAT ENGENHARIA E TECNOLOGIA S.A;;;;;;;;;;;;;;;;;Wiz Corporate Solucoes E Corretagem De Seguros Ltda;2026-03-31 0:00:00
HOSPITAL SANTA LÚCIA S/A;;;;;;;;;;;;;;;;;Wiz Corporate Solucoes E Corretagem De Seguros Ltda;2026-03-31 0:00:00
IBIRITE ILUMINACAO PUBLICA S.A;;;;;;;;;;;;;;;;;Dh7 Corretora De Seguros Ltda;2026-03-31 0:00:00
IMERYS FUSED E IMERYS DO BRASIL;;;;;;;;;;;;;;;;;Dh7 Corretora De Seguros Ltda;2026-03-31 0:00:00
Nuclebrás Equipamentos Pesados S.A;;;;;;;;;;;;;;;;;Dh7 Corretora De Seguros Ltda;2026-03-31 0:00:00
RIONEST SERVIÇOS MÉDICOS E HOSPITALARES LTDA;;;;;;;;;;;;;;;;;Lugano Corretora E Agenciadora De Seguros Ltda;2026-04-01 0:00:00
ZILOR ENERGIA E ALIMENTOS;;;;;;;;;;;;;;;;;Wiz Corporate Solucoes E Corretagem De Seguros Ltda;2026-04-01 0:00:00
ALIANÇA COMÉRCIO DE CALÇADOS LTDA;;;;;;;;;;;;;;;;;Wiz Corporate Solucoes E Corretagem De Seguros Ltda;2026-04-01 0:00:00
H MOTORS;;;;;;;;;;;;;;;;;Granto Corretora De Seguros Ltda;2026-04-01 0:00:00
BIOMIX INDUSTRIA E COMERCIO DE INSUMOS ORGANICOS LTDA;;;;;;;;;;;;;;;;;Granto Corretora De Seguros Ltda;2026-04-01 0:00:00
JADE - ENGENHARIA INDUSTRIA E COMERCIO DE ESTRUTURAS METALICAS LTDA;;;;;;;;;;;;;;;;;Traderisk Adm Corretora De Seguros;2026-04-02 0:00:00
RAPOSO CONSTRUCOES E EMPREENDIMENTOS LTDA;;;;;;;;;;;;;;;;;Traderisk Adm Corretora De Seguros;2026-04-02 0:00:00
UNIMED NATAL SOCIEDADE COOPERATIVA DE TRABALHO MÉDICO;;;;;;;;;;;;;;;;;Wiz Corporate Solucoes E Corretagem De Seguros Ltda;2026-04-02 0:00:00
ARAMESUL INDUSTRIA E COMERCIO DE ARAMES LTDA;;;;;;;;;;;;;;;;;Traderisk Adm Corretora De Seguros;2026-04-02 0:00:00
EMBRAER S.A;;;;;;;;;;;;;;;;;Lockton Brasil Consultoria E Corretora De Seguros Ltda;2026-04-02 0:00:00
VIA CAPITAL ARTEMUS FUNDO DE INVESTIMENTO;;;;;;;;;;;;;;;;;Wiz Corporate Solucoes E Corretagem De Seguros Ltda;2026-04-02 0:00:00
CURY CONSTRUTURA E INCORPORADORA S.A;;;;;;;;;;;;;;;;;Wiz Corporate Solucoes E Corretagem De Seguros Ltda;2026-04-06 0:00:00
MORGANITE DO BRASIL LTDA;;;;;;;;;;;;;;;;;Lockton Brasil Consultoria E Corretora De Seguros Ltda;2026-04-06 0:00:00
QUEIROZ PIMENTEL ENGENHARIA LTDA;;;;;;;;;;;;;;;;;Mosaico Plus Seguros E Beneficios Ltda;2026-04-07 0:00:00
MARISOL S.A.;;;;;;;;;;;;;;;;;Traderisk Adm Corretora De Seguros;2026-04-07 0:00:00
AGILIZA CONSTRUCOES E SERVICOS LTDA;;;;;;;;;;;;;;;;;Wiz Corporate Solucoes E Corretagem De Seguros Ltda;2026-04-07 0:00:00
PEDAGIO ELETRONICO E PAGAMENTOS MOVVIA LTDA ME;;;;;;;;;;;;;;;;;Alper Consultoria E Corretora De Seguros;2026-04-08 0:00:00
VIPOSA S.A;;;;;;;;;;;;;;;;;Traderisk Adm Corretora De Seguros;2026-04-08 0:00:00
RH MULTI SERVICOS ADMINISTRATIVOS S.A;;;;;;;;;;;;;;;;;Acrisure Corretora de Seguros Ltda;2026-04-08 0:00:00
GRUPO JCA;;;;;;;;;;;;;;;;;Wiz Corporate Solucoes E Corretagem De Seguros Ltda;2026-04-08 0:00:00
INOVA ADMINISTRADORA DE BENEFICIOS LTDA;;;;;;;;;;;;;;;;;Traderisk Adm Corretora De Seguros;2026-04-08 0:00:00
EOLICAS CALMON S/A;;;;;;;;;;;;;;;;;Traderisk Adm Corretora De Seguros;2026-04-09 0:00:00
LBX S.A;;;;;;;;;;;;;;;;;Acrisure Corretora de Seguros Ltda;2026-04-09 0:00:00
ISQ Brasil;;;;;;;;;;;;;;;;;Gibs Corretora De Seguros Ltda;2026-04-09 0:00:00
GR REAL SERVIÇOS;;;;;;;;;;;;;;;;;Acrisure Corretora de Seguros Ltda;2026-04-09 0:00:00
TARRAF EMPREENDIMENTOS IMOBILIARIOS LTDA;;;;;;;;;;;;;;;;;Veraz Consultoria e Corretagem de Seguros Ltda;2026-04-09 0:00:00
PERPLAN 40 EMPREENDIMENTO IMOBILIÁRIO SPE LTDA;;;;;;;;;;;;;;;;;Veraz Consultoria e Corretagem de Seguros Ltda;2026-04-09 0:00:00
FERTILIZANTES HERINGER;;;;;;;;;;;;;;;;;Wiz Corporate Solucoes E Corretagem De Seguros Ltda;2026-04-09 0:00:00
NOVO MUNDO S.A. - EM RECUPERACAO JUDICIAL;;;;;;;;;;;;;;;;;Traderisk Adm Corretora De Seguros;2026-04-09 0:00:00
SEGEX UVV ON S.A.;;;;;;;;;;;;;;;;;Alper Consultoria E Corretora De Seguros;2026-04-09 0:00:00
ARAUCO B;;;;;;;;;;;;;;;;;Veraz Consultoria e Corretagem de Seguros Ltda;2026-04-09 0:00:00
DALLAS RESIDENCIAL;;;;;;;;;;;;;;;;;Veraz Consultoria e Corretagem de Seguros Ltda;2026-04-09 0:00:00
ESTRE SPI AMBIENTAL S.A;;;;;;;;;;;;;;;;;Acrisure Corretora de Seguros Ltda;2026-04-09 0:00:00
PLURAL INDÚSTRIA GRÁFICA LTDA;;;;;;;;;;;;;;;;;Solucoes Integradas de Consultoria e Corretoragem de Seguros Ltda;2026-04-10 0:00:00
BRUMAZI / SOLISTEL;;;;;;;;;;;;;;;;;Veraz Consultoria e Corretagem de Seguros Ltda;2026-04-10 0:00:00
SOMAVE FEED INGREDIENTS LTDA;;;;;;;;;;;;;;;;;Traderisk Adm Corretora De Seguros;2026-04-10 0:00:00
SOLISTEEL SOLUCOES INDUSTRIAIS EM ACO LTDA;;;;;;;;;;;;;;;;;Veraz Consultoria e Corretagem de Seguros Ltda;2026-04-10 0:00:00
USINAS SIDERÚRGICAS DE MINAS GERAIS S.A. – USIMINAS;;;;;;;;;;;;;;;;;Wiz Corporate Solucoes E Corretagem De Seguros Ltda;2026-04-13 0:00:00
YEES CONSOLACAO SPE LTDA;;;;;;;;;;;;;;;;;Veraz Consultoria e Corretagem de Seguros Ltda;2026-04-14 0:00:00
RYPE 21 - EMPREENDIMENTO IMOBILIÁRIO LTDA;;;;;;;;;;;;;;;;;J&F Jemfam Corretora De Seguros Ltda;2026-04-14 0:00:00
GABBAI EMPREENDIMENTOS IMOBILIARIOS LTDA;;;;;;;;;;;;;;;;;Godoi Brasil Corretora De Seguros Ss Ltda;2026-04-14 0:00:00
MAGIK JC EMPREENDIMENTOS;;;;;;;;;;;;;;;;;Veraz Consultoria e Corretagem de Seguros Ltda;2026-04-14 0:00:00
GRUPO NEW FORTESS ENERGY (NFE);;;;;;;;;;;;;;;;;Marsh Corretora;2026-04-14 0:00:00
LUME MARKETING & CRIACOES LTDA.;;;;;;;;;;;;;;;;;Godoi Brasil Corretora De Seguros Ss Ltda;2026-04-15 0:00:00
CONSTRUTORA E INCORPORADORA PRIDE S/A;;;;;;;;;;;;;;;;;Veraz Consultoria e Corretagem de Seguros Ltda;2026-04-15 0:00:00
MOBLY COMÉRCIO VAREJISTA LTDA;;;;;;;;;;;;;;;;;Alper Consultoria E Corretora De Seguros;2026-04-15 0:00:00
METRO ENGENHARIA E CONSULTORIA LTDA;;;;;;;;;;;;;;;;;Wiz Corporate Solucoes E Corretagem De Seguros Ltda;2026-04-16 0:00:00
CERVEJARIA PETROPOLIS S/A;;;;;;;;;;;;;;;;;Lockton Brasil Consultoria E Corretora De Seguros Ltda;2026-04-16 0:00:00
SMART RJ CONCESSIONÁRIA DE ILUMINAÇÃO PÚBLICA SPE S.A.;;;;;;;;;;;;;;;;;Marsh Corretora;2026-04-16 0:00:00
WAY CONCESSÕES S.A.;;;;;;;;;;;;;;;;;Wiz Corporate Solucoes E Corretagem De Seguros Ltda;2026-04-16 0:00:00
SOLIS TOWER TELECOM DO BRASIL CESSAO DE INFRAESTRUTURA LTDA;;;;;;;;;;;;;;;;;Traderisk Adm Corretora De Seguros;2026-04-16 0:00:00
ALSARAIVA COMERCIO, EMPREENDIMENTOS IMOBILIARIOS;;;;;;;;;;;;;;;;;Wiz Corporate Solucoes E Corretagem De Seguros Ltda;2026-04-16 0:00:00
ÁGUA BRANCA CONSTRUTORA E INCORP. LTDA;;;;;;;;;;;;;;;;;Alia Corretora de Seguros Ltda.;2026-04-16 0:00:00
MASTER ADMINISTRADORA DE BENS E LOTEAMENTOS LTDA;;;;;;;;;;;;;;;;;Traderisk Adm Corretora De Seguros;2026-04-16 0:00:00
CELLULAR HOUSE TELECOMUNICACOES LTDA;;;;;;;;;;;;;;;;;Traderisk Adm Corretora De Seguros;2026-04-16 0:00:00
AFS LOCAÇÕES LTDA;;;;;;;;;;;;;;;;;Wiz Corporate Solucoes E Corretagem De Seguros Ltda;2026-04-16 0:00:00
CS INFRA S.A.;;;;;;;;;;;;;;;;;ACRISURE CORRETORA DE SEGUROS LTDA;2026-04-16 0:00:00
PETRO RECONCAVO S.A.;;;;;;;;;;;;;;;;;Wiz Corporate Solucoes E Corretagem De Seguros Ltda;2026-04-16 0:00:00
PIATEC CONSTRUÇÕES LTDA.;;;;;;;;;;;;;;;;;Lockton Brasil Consultoria E Corretora De Seguros Ltda;2026-04-17 0:00:00
LINNEAR CONSTRUTORA SPE 02 LTDA;;;;;;;;;;;;;;;;;Veraz Consultoria e Corretagem de Seguros Ltda;2026-04-17 0:00:00
KREICH EMPREENDIMENTOS LTDA;;;;;;;;;;;;;;;;;Majesttade Corretora e Consultoria de Seguros Ltda;2026-04-17 0:00:00
UNIMED DO BRASIL;;;;;;;;;;;;;;;;;Wiz Corporate Solucoes E Corretagem De Seguros Ltda;2026-04-17 0:00:00
NEOENERGIA S.A.;;;;;;;;;;;;;;;;;Wiz Corporate Solucoes E Corretagem De Seguros Ltda;2026-04-17 0:00:00
CANOPUS HOLDING S.A.;;;;;;;;;;;;;;;;;Wiz Corporate Solucoes E Corretagem De Seguros Ltda;2026-04-17 0:00:00
AGUIA PROJETOS E CONSULTORIA LTDA;;;;;;;;;;;;;;;;;Fibra Corretora de Seguros Ltda.;2026-04-17 0:00:00
B&Q ENERGIA LTDA;;;;;;;;;;;;;;;;;Wiz Corporate Solucoes E Corretagem De Seguros Ltda;2026-04-17 0:00:00
AGIS CONSTRUÇÃO S.A.;;;;;;;;;;;;;;;;;Wiz Corporate Solucoes E Corretagem De Seguros Ltda;2026-04-17 0:00:00
TRONOX PIGMENTOS DO BRASIL S.A.;;;;;;;;;;;;;;;;;Wiz Corporate Solucoes E Corretagem De Seguros Ltda;2026-04-17 0:00:00
FERBASA;;;;;;;;;;;;;;;;;Wiz Corporate Solucoes E Corretagem De Seguros Ltda;2026-04-17 0:00:00
VOAR AVIATION TAXI AÉREO E MANUTENÇÃO LTDA;;;;;;;;;;;;;;;;;Traderisk Adm Corretora De Seguros;2026-04-17 0:00:00
TRANSPANORAMA;;;;;;;;;;;;;;;;;Wiz Corporate Solucoes E Corretagem De Seguros Ltda;2026-04-17 0:00:00
AGROSB AGROPECUÁRIA S.A.;;;;;;;;;;;;;;;;;Alper Consultoria E Corretora De Seguros;2026-04-17 0:00:00
CONSTRUTORA L. G. LTDA;;;;;;;;;;;;;;;;;Traderisk Adm Corretora De Seguros;2026-04-17 0:00:00
TOLEDO DO BRASIL INDÚSTRIA DE BALANÇAS LTDA;;;;;;;;;;;;;;;;;Wiz Corporate Solucoes E Corretagem De Seguros Ltda;2026-04-17 0:00:00
ENERMAIS ENERGIA LTDA;;;;;;;;;;;;;;;;;ACRISURE CORRETORA DE SEGUROS LTDA;2026-04-17 0:00:00
PASTIFÍCIO SELMI;;;;;;;;;;;;;;;;;Wiz Corporate Solucoes E Corretagem De Seguros Ltda;2026-04-17 0:00:00
CSU DIGITAL;;;;;;;;;;;;;;;;;Wiz Corporate Solucoes E Corretagem De Seguros Ltda;2026-04-17 0:00:00
VERDE MAIS SERVIÇOS DE ALIMENTAÇÃO LTDA;;;;;;;;;;;;;;;;;Wiz Corporate Solucoes E Corretagem De Seguros Ltda;2026-04-17 0:00:00
ROYAL AGRO CEREAIS LTDA;;;;;;;;;;;;;;;;;Wiz Corporate Solucoes E Corretagem De Seguros Ltda;2026-04-17 0:00:00
NEOOH HELLOO;;;;;;;;;;;;;;;;;Wiz Corporate Solucoes E Corretagem De Seguros Ltda;2026-04-20 0:00:00
KARSTEN S.A.;;;;;;;;;;;;;;;;;Traderisk Adm Corretora De Seguros;2026-04-20 0:00:00
RAIZ FORTE LTDA;;;;;;;;;;;;;;;;;Traderisk Adm Corretora De Seguros;2026-04-20 0:00:00
AZEVEDO & TRAVASSOS S.A;;;;;;;;;;;;;;;;;ACRISURE CORRETORA DE SEGUROS LTDA;2026-04-20 0:00:00
LOJAS QUERO-QUERO S.A.;;;;;;;;;;;;;;;;;Nacora Corretagens De Seguro Ltda;2026-04-22 0:00:00
CONCESSIONÁRIA DE RODOVIAS ROTA DOS GRÃOS S.A.;;;;;;;;;;;;;;;;;Wiz Corporate Solucoes E Corretagem De Seguros Ltda;2026-04-22 0:00:00
GABRIEL FERNANDO LOPES FELISBINO CONSTRUÇÕES LTDA;;;;;;;;;;;;;;;;;Veraz Consultoria e Corretagem de Seguros Ltda;2026-04-22 0:00:00
LONGITUDE INCORPORAÇÃO & URBANISMO LTDA;;;;;;;;;;;;;;;;;Veraz Consultoria e Corretagem de Seguros Ltda;2026-04-22 0:00:00
RED MINERACAO E CONSTRUCAO LTDA;;;;;;;;;;;;;;;;;Wiz Corporate Solucoes E Corretagem De Seguros Ltda;2026-04-22 0:00:00
COMPANHIA INDUSTRIAL CATAGUASES;;;;;;;;;;;;;;;;;Wiz Corporate Solucoes E Corretagem De Seguros Ltda;2026-04-22 0:00:00
SILVIO SANTOS PARTICIPAÇÕES S.A.;;;;;;;;;;;;;;;;;Wiz Corporate Solucoes E Corretagem De Seguros Ltda;2026-04-22 0:00:00
CARBETO DE SILICIO SIKA BRASIL LTDA;;;;;;;;;;;;;;;;;Wiz Corporate Solucoes E Corretagem De Seguros Ltda;2026-04-22 0:00:00
CONSÓRCIO NOVA GUARATIBA;;;;;;;;;;;;;;;;;Wiz Corporate Solucoes E Corretagem De Seguros Ltda;2026-04-22 0:00:00
GRANHA LIGAS LTDA;;;;;;;;;;;;;;;;;Wiz Corporate Solucoes E Corretagem De Seguros Ltda;2026-04-22 0:00:00
GLOBO COMERCIO DE AUTOMOVEIS E PECAS LTDA;;;;;;;;;;;;;;;;;Traderisk Adm Corretora De Seguros;2026-04-22 0:00:00
ITATIAIA ELETRO E MOVEIS S/A;;;;;;;;;;;;;;;;;Wiz Corporate Solucoes E Corretagem De Seguros Ltda;2026-04-22 0:00:00
DIMENSAO 3A ARQUITETURA, ENGENHARIA E DESIGN LTDA;;;;;;;;;;;;;;;;;Traderisk Adm Corretora De Seguros;2026-04-22 0:00:00
WYN EMPREENDIMENTOS IMOBILIÁRIOS SPE LTDA;;;;;;;;;;;;;;;;;Veraz Consultoria e Corretagem de Seguros Ltda;2026-04-22 0:00:00
DON PARTICIPAÇÕES;;;;;;;;;;;;;;;;;Traderisk Adm Corretora De Seguros;2026-04-22 0:00:00
PARATY ENERGIA LTDA;;;;;;;;;;;;;;;;;J&F Jemfam Corretora De Seguros Ltda;2026-04-24 0:00:00
CONASA INFRAESTRUTURA S.A.;;;;;;;;;;;;;;;;;J&F Jemfam Corretora De Seguros Ltda - (TEMPORARIO);2026-04-27 0:00:00
CONCESSIONÁRIA ROTA 116 S/A;;;;;;;;;;;;;;;;;Solucoes Integradas de Consultoria e Corretoragem de Seguros Ltda;2026-04-27 0:00:00
GONCALVES & TORTOLA S/A;;;;;;;;;;;;;;;;;Wiz Corporate Solucoes E Corretagem De Seguros Ltda;2026-04-28 0:00:00
FONTOURA CONSTRUÇÕES E INCORPORAÇÕES LTDA;;;;;;;;;;;;;;;;;Veraz Consultoria e Corretagem de Seguros Ltda;2026-04-29 0:00:00
ELINSA - ELETROTECNICA INDUSTRIAL E NAVAL DO BRASIL LTDA;;;;;;;;;;;;;;;;;Gibs Corretora De Seguros Ltda;2026-05-05 0:00:00
NORTIS INCORADORA E CONSTRUTORA S.A.;;;;;;;;;;;;;;;;;Veraz Consultoria e Corretagem de Seguros Ltda;2026-05-06 0:00:00
HEATING E COOLING TECNOLOGIA TERMICA LTDA;;;;;;;;;;;;;;;;;Veraz Consultoria e Corretagem de Seguros Ltda;2026-05-06 0:00:00
ECOVITA INCORPORADORA E CONSTRUTORA LTDA;;;;;;;;;;;;;;;;;Alia Corretora de Seguros Ltda.;2026-05-06 0:00:00
INFINITY DOM PEDRO SPE LTDA;;;;;;;;;;;;;;;;;Atix Servicos E Corretagem De Seguros;2026-05-07 0:00:00
FIGUEIRA DE ALMEIDA CONTROLE PATRIMONIAL LTDA.;;;;;;;;;;;;;;;;;Wiz Corporate Solucoes E Corretagem De Seguros Ltda;2026-05-07 0:00:00
CONCESSIONÁRIA DO AEROPORTO INTERNACIONAL DE  GUARULHOS S.A.;;;;;;;;;;;;;;;;;Wiz Corporate Solucoes E Corretagem De Seguros Ltda;2026-05-07 0:00:00
K9 ACADEMIA DE FORMAÇÃO DE VIGILANTES LTD;;;;;;;;;;;;;;;;;Wiz Corporate Solucoes E Corretagem De Seguros Ltda;2026-05-07 0:00:00
KARTER LUBRIFICANTES LTDA;;;;;;;;;;;;;;;;;Wiz Corporate Solucoes E Corretagem De Seguros Ltda;2026-05-07 0:00:00
KM LIVE MARKETING E AGENCY ENTERTAINMENT LTDA;;;;;;;;;;;;;;;;;Wiz Corporate Solucoes E Corretagem De Seguros Ltda;2026-05-07 0:00:00
PB RENT CAR LOCAÇÃO DE VEICULOS LTDA;;;;;;;;;;;;;;;;;Wiz Corporate Solucoes E Corretagem De Seguros Ltda;2026-05-07 0:00:00
SERVFORT ASSESSORIA E SERVIÇOS LTD;;;;;;;;;;;;;;;;;Wiz Corporate Solucoes E Corretagem De Seguros Ltda;2026-05-07 0:00:00
SERVTRONICA SEGURANCA ELETRONICA LTD;;;;;;;;;;;;;;;;;Wiz Corporate Solucoes E Corretagem De Seguros Ltda;2026-05-07 0:00:00
FRIGORÍFICO AVÍCOLA VOTUPORANGA LTDA.;;;;;;;;;;;;;;;;;Wiz Corporate Solucoes E Corretagem De Seguros Ltda;2026-05-07 0:00:00
ASPEN PARTICIPACOES LTDA;;;;;;;;;;;;;;;;;Wiz Corporate Solucoes E Corretagem De Seguros Ltda;2026-05-07 0:00:00
QUEBEC CONSTRUÇÕES E TECNOLOGIA AMBIENTAL S/A;;;;;;;;;;;;;;;;;Alper Consultoria E Corretora De Seguros;2026-05-07 0:00:00
SENDAS DISTRIBUIDORA S/A;;;;;;;;;;;;;;;;;Alper Consultoria E Corretora De Seguros;2026-05-07 0:00:00
EMPREITEC CONSTRUÇÕES ELÉTRICAS LTDA;;;;;;;;;;;;;;;;;Fibra Corretora de Seguros Ltda.;2026-05-08 0:00:00
LDP CANELA EMPREENDIMENTOS E PARTICIPAÇÕES AS;;;;;;;;;;;;;;;;;Black Swan Corretora de Seguros Ltda;2026-05-11 0:00:00
